[{"model": "auth.permission", "fields": {"name": "Can add log entry", "content_type": ["admin", "logentry"], "codename": "add_logentry"}}, {"model": "auth.permission", "fields": {"name": "Can change log entry", "content_type": ["admin", "logentry"], "codename": "change_logentry"}}, {"model": "auth.permission", "fields": {"name": "Can delete log entry", "content_type": ["admin", "logentry"], "codename": "delete_logentry"}}, {"model": "auth.permission", "fields": {"name": "Can view log entry", "content_type": ["admin", "logentry"], "codename": "view_logentry"}}, {"model": "auth.permission", "fields": {"name": "Can add permission", "content_type": ["auth", "permission"], "codename": "add_permission"}}, {"model": "auth.permission", "fields": {"name": "Can change permission", "content_type": ["auth", "permission"], "codename": "change_permission"}}, {"model": "auth.permission", "fields": {"name": "Can delete permission", "content_type": ["auth", "permission"], "codename": "delete_permission"}}, {"model": "auth.permission", "fields": {"name": "Can view permission", "content_type": ["auth", "permission"], "codename": "view_permission"}}, {"model": "auth.permission", "fields": {"name": "Can add group", "content_type": ["auth", "group"], "codename": "add_group"}}, {"model": "auth.permission", "fields": {"name": "Can change group", "content_type": ["auth", "group"], "codename": "change_group"}}, {"model": "auth.permission", "fields": {"name": "Can delete group", "content_type": ["auth", "group"], "codename": "delete_group"}}, {"model": "auth.permission", "fields": {"name": "Can view group", "content_type": ["auth", "group"], "codename": "view_group"}}, {"model": "auth.permission", "fields": {"name": "Can add user", "content_type": ["auth", "user"], "codename": "add_user"}}, {"model": "auth.permission", "fields": {"name": "Can change user", "content_type": ["auth", "user"], "codename": "change_user"}}, {"model": "auth.permission", "fields": {"name": "Can delete user", "content_type": ["auth", "user"], "codename": "delete_user"}}, {"model": "auth.permission", "fields": {"name": "Can view user", "content_type": ["auth", "user"], "codename": "view_user"}}, {"model": "auth.permission", "fields": {"name": "Can add content type", "content_type": ["contenttypes", "contenttype"], "codename": "add_contenttype"}}, {"model": "auth.permission", "fields": {"name": "Can change content type", "content_type": ["contenttypes", "contenttype"], "codename": "change_contenttype"}}, {"model": "auth.permission", "fields": {"name": "Can delete content type", "content_type": ["contenttypes", "contenttype"], "codename": "delete_contenttype"}}, {"model": "auth.permission", "fields": {"name": "Can view content type", "content_type": ["contenttypes", "contenttype"], "codename": "view_contenttype"}}, {"model": "auth.permission", "fields": {"name": "Can add session", "content_type": ["sessions", "session"], "codename": "add_session"}}, {"model": "auth.permission", "fields": {"name": "Can change session", "content_type": ["sessions", "session"], "codename": "change_session"}}, {"model": "auth.permission", "fields": {"name": "Can delete session", "content_type": ["sessions", "session"], "codename": "delete_session"}}, {"model": "auth.permission", "fields": {"name": "Can view session", "content_type": ["sessions", "session"], "codename": "view_session"}}, {"model": "auth.permission", "fields": {"name": "Can add site", "content_type": ["sites", "site"], "codename": "add_site"}}, {"model": "auth.permission", "fields": {"name": "Can change site", "content_type": ["sites", "site"], "codename": "change_site"}}, {"model": "auth.permission", "fields": {"name": "Can delete site", "content_type": ["sites", "site"], "codename": "delete_site"}}, {"model": "auth.permission", "fields": {"name": "Can view site", "content_type": ["sites", "site"], "codename": "view_site"}}, {"model": "auth.permission", "fields": {"name": "Can add email address", "content_type": ["account", "emailaddress"], "codename": "add_emailaddress"}}, {"model": "auth.permission", "fields": {"name": "Can change email address", "content_type": ["account", "emailaddress"], "codename": "change_emailaddress"}}, {"model": "auth.permission", "fields": {"name": "Can delete email address", "content_type": ["account", "emailaddress"], "codename": "delete_emailaddress"}}, {"model": "auth.permission", "fields": {"name": "Can view email address", "content_type": ["account", "emailaddress"], "codename": "view_emailaddress"}}, {"model": "auth.permission", "fields": {"name": "Can add email confirmation", "content_type": ["account", "emailconfirmation"], "codename": "add_emailconfirmation"}}, {"model": "auth.permission", "fields": {"name": "Can change email confirmation", "content_type": ["account", "emailconfirmation"], "codename": "change_emailconfirmation"}}, {"model": "auth.permission", "fields": {"name": "Can delete email confirmation", "content_type": ["account", "emailconfirmation"], "codename": "delete_emailconfirmation"}}, {"model": "auth.permission", "fields": {"name": "Can view email confirmation", "content_type": ["account", "emailconfirmation"], "codename": "view_emailconfirmation"}}, {"model": "auth.permission", "fields": {"name": "Can add social account", "content_type": ["socialaccount", "socialaccount"], "codename": "add_socialaccount"}}, {"model": "auth.permission", "fields": {"name": "Can change social account", "content_type": ["socialaccount", "socialaccount"], "codename": "change_socialaccount"}}, {"model": "auth.permission", "fields": {"name": "Can delete social account", "content_type": ["socialaccount", "socialaccount"], "codename": "delete_socialaccount"}}, {"model": "auth.permission", "fields": {"name": "Can view social account", "content_type": ["socialaccount", "socialaccount"], "codename": "view_socialaccount"}}, {"model": "auth.permission", "fields": {"name": "Can add social application", "content_type": ["socialaccount", "socialapp"], "codename": "add_socialapp"}}, {"model": "auth.permission", "fields": {"name": "Can change social application", "content_type": ["socialaccount", "socialapp"], "codename": "change_socialapp"}}, {"model": "auth.permission", "fields": {"name": "Can delete social application", "content_type": ["socialaccount", "socialapp"], "codename": "delete_socialapp"}}, {"model": "auth.permission", "fields": {"name": "Can view social application", "content_type": ["socialaccount", "socialapp"], "codename": "view_socialapp"}}, {"model": "auth.permission", "fields": {"name": "Can add social application token", "content_type": ["socialaccount", "socialtoken"], "codename": "add_socialtoken"}}, {"model": "auth.permission", "fields": {"name": "Can change social application token", "content_type": ["socialaccount", "socialtoken"], "codename": "change_socialtoken"}}, {"model": "auth.permission", "fields": {"name": "Can delete social application token", "content_type": ["socialaccount", "socialtoken"], "codename": "delete_socialtoken"}}, {"model": "auth.permission", "fields": {"name": "Can view social application token", "content_type": ["socialaccount", "socialtoken"], "codename": "view_socialtoken"}}, {"model": "auth.permission", "fields": {"name": "Can add product", "content_type": ["products", "product"], "codename": "add_product"}}, {"model": "auth.permission", "fields": {"name": "Can change product", "content_type": ["products", "product"], "codename": "change_product"}}, {"model": "auth.permission", "fields": {"name": "Can delete product", "content_type": ["products", "product"], "codename": "delete_product"}}, {"model": "auth.permission", "fields": {"name": "Can view product", "content_type": ["products", "product"], "codename": "view_product"}}, {"model": "auth.permission", "fields": {"name": "Can add banners", "content_type": ["home", "banners"], "codename": "add_banners"}}, {"model": "auth.permission", "fields": {"name": "Can change banners", "content_type": ["home", "banners"], "codename": "change_banners"}}, {"model": "auth.permission", "fields": {"name": "Can delete banners", "content_type": ["home", "banners"], "codename": "delete_banners"}}, {"model": "auth.permission", "fields": {"name": "Can view banners", "content_type": ["home", "banners"], "codename": "view_banners"}}, {"model": "auth.permission", "fields": {"name": "Can add customer", "content_type": ["accounts", "customer"], "codename": "add_customer"}}, {"model": "auth.permission", "fields": {"name": "Can change customer", "content_type": ["accounts", "customer"], "codename": "change_customer"}}, {"model": "auth.permission", "fields": {"name": "Can delete customer", "content_type": ["accounts", "customer"], "codename": "delete_customer"}}, {"model": "auth.permission", "fields": {"name": "Can view customer", "content_type": ["accounts", "customer"], "codename": "view_customer"}}, {"model": "auth.permission", "fields": {"name": "Can add cart item", "content_type": ["home", "cartitem"], "codename": "add_cartitem"}}, {"model": "auth.permission", "fields": {"name": "Can change cart item", "content_type": ["home", "cartitem"], "codename": "change_cartitem"}}, {"model": "auth.permission", "fields": {"name": "Can delete cart item", "content_type": ["home", "cartitem"], "codename": "delete_cartitem"}}, {"model": "auth.permission", "fields": {"name": "Can view cart item", "content_type": ["home", "cartitem"], "codename": "view_cartitem"}}, {"model": "auth.permission", "fields": {"name": "Can add cart", "content_type": ["home", "cart"], "codename": "add_cart"}}, {"model": "auth.permission", "fields": {"name": "Can change cart", "content_type": ["home", "cart"], "codename": "change_cart"}}, {"model": "auth.permission", "fields": {"name": "Can delete cart", "content_type": ["home", "cart"], "codename": "delete_cart"}}, {"model": "auth.permission", "fields": {"name": "Can view cart", "content_type": ["home", "cart"], "codename": "view_cart"}}, {"model": "auth.permission", "fields": {"name": "Can add order", "content_type": ["checkout", "order"], "codename": "add_order"}}, {"model": "auth.permission", "fields": {"name": "Can change order", "content_type": ["checkout", "order"], "codename": "change_order"}}, {"model": "auth.permission", "fields": {"name": "Can delete order", "content_type": ["checkout", "order"], "codename": "delete_order"}}, {"model": "auth.permission", "fields": {"name": "Can view order", "content_type": ["checkout", "order"], "codename": "view_order"}}, {"model": "auth.permission", "fields": {"name": "Can add order item", "content_type": ["checkout", "orderitem"], "codename": "add_orderitem"}}, {"model": "auth.permission", "fields": {"name": "Can change order item", "content_type": ["checkout", "orderitem"], "codename": "change_orderitem"}}, {"model": "auth.permission", "fields": {"name": "Can delete order item", "content_type": ["checkout", "orderitem"], "codename": "delete_orderitem"}}, {"model": "auth.permission", "fields": {"name": "Can view order item", "content_type": ["checkout", "orderitem"], "codename": "view_orderitem"}}, {"model": "auth.permission", "fields": {"name": "Can add category", "content_type": ["products", "category"], "codename": "add_category"}}, {"model": "auth.permission", "fields": {"name": "Can change category", "content_type": ["products", "category"], "codename": "change_category"}}, {"model": "auth.permission", "fields": {"name": "Can delete category", "content_type": ["products", "category"], "codename": "delete_category"}}, {"model": "auth.permission", "fields": {"name": "Can view category", "content_type": ["products", "category"], "codename": "view_category"}}, {"model": "auth.user", "fields": {"password": "pbkdf2_sha256$1200000$dNqgvyGjAiIpiybQTC673O$MlG7T3sHlUsj2xB9v7C+wZjFaxaXu9g/XZ05cW+Mmkw=", "last_login": "2026-01-13T19:42:08.198Z", "is_superuser": true, "username": "admin", "first_name": "", "last_name": "", "email": "elderluiz72@gmail.com", "is_staff": true, "is_active": true, "date_joined": "2025-11-21T15:48:38Z", "groups": [], "user_permissions": []}}, {"model": "auth.user", "fields": {"password": "!qTYx7pz2A87XcZHgLlr18ieJEy51V8kcr44bCprt", "last_login": "2026-01-08T22:31:55.260Z", "is_superuser": false, "username": "Elder Luiz", "first_name": "Elder", "last_name": "Luiz", "email": "athlasthemonarch@gmail.com", "is_staff": false, "is_active": true, "date_joined": "2025-12-23T14:20:34.207Z", "groups": [], "user_permissions": []}}, {"model": "auth.user", "fields": {"password": "!VAJZ0af84xrtwcVTdgfB4dPaM8Xwf2P9vwJT3Pbn", "last_login": "2026-01-10T13:39:25.677Z", "is_superuser": false, "username": "geovane", "first_name": "Geovane", "last_name": "", "email": "", "is_staff": false, "is_active": true, "date_joined": "2025-12-29T22:27:18.180Z", "groups": [], "user_permissions": []}}, {"model": "auth.user", "fields": {"password": "pbkdf2_sha256$1200000$mXwpMlULNmxrZqb2fk5l7K$5zIyt6tZwGWyTlWbH1QN9i231ZVjoWA9USGf4QQlGws=", "last_login": "2026-01-13T19:42:44.096Z", "is_superuser": false, "username": "Athlas", "first_name": "", "last_name": "", "email": "elderluiz7284@gmail.com", "is_staff": false, "is_active": true, "date_joined": "2026-01-01T17:49:52.688Z", "groups": [], "user_permissions": []}}, {"model": "auth.user", "fields": {"password": "pbkdf2_sha256$1200000$89uAExYgXPWAFmbnKwi2o3$Hdt86lNjuDsXcFVSKI77o3WCI4XD+y6xXU6YejPnM6U=", "last_login": "2026-01-08T01:26:18.145Z", "is_superuser": false, "username": "teste17", "first_name": "", "last_name": "", "email": "", "is_staff": false, "is_active": true, "date_joined": "2026-01-08T01:23:44.435Z", "groups": [], "user_permissions": []}}, {"model": "auth.user", "fields": {"password": "pbkdf2_sha256$1200000$HptgWd9Jcr6W9g9jdMMCZH$DfRCDeY5IYCJlbq3MisBWGQNjTG6kvN/lZf2Nf/+8dM=", "last_login": "2026-01-10T13:01:24.672Z", "is_superuser": false, "username": "teste18", "first_name": "", "last_name": "", "email": "", "is_staff": false, "is_active": true, "date_joined": "2026-01-10T13:00:53.416Z", "groups": [], "user_permissions": []}}, {"model": "accounts.customer", "pk": 1, "fields": {"user": ["admin"], "cpf": null, "phone": "", "complete_name": "", "birth_date": null, "gender": null, "confirmed_data": false, "avatar": ""}}, {"model": "accounts.customer", "pk": 16, "fields": {"user": ["Elder Luiz"], "cpf": "52998224725", "phone": "77999271964", "complete_name": "ELDER LUIZ BATISTA DE OLIVEIRA", "birth_date": "2008-10-21", "gender": "M", "confirmed_data": true, "avatar": "avatar_6"}}, {"model": "accounts.customer", "pk": 17, "fields": {"user": ["geovane"], "cpf": null, "phone": "", "complete_name": "", "birth_date": null, "gender": null, "confirmed_data": false, "avatar": "avatar_5"}}, {"model": "accounts.customer", "pk": 18, "fields": {"user": ["Athlas"], "cpf": "86698368580", "phone": "77999271964", "complete_name": "Elder Luiz Batista", "birth_date": "2008-10-21", "gender": "M", "confirmed_data": true, "avatar": ""}}, {"model": "accounts.customer", "pk": 19, "fields": {"user": ["teste17"], "cpf": null, "phone": "", "complete_name": "", "birth_date": null, "gender": null, "confirmed_data": false, "avatar": "avatar_5"}}, {"model": "accounts.customer", "pk": 20, "fields": {"user": ["teste18"], "cpf": null, "phone": "", "complete_name": "", "birth_date": null, "gender": null, "confirmed_data": false, "avatar": ""}}, {"model": "checkout.order", "pk": 1, "fields": {"user": ["Athlas"], "total": "1.00", "status": "pending", "external_id": "5cc65838-d7e6-429e-86f8-b09a16eb2731", "payment_external_id": "", "payment_url": null, "created_at": "2026-01-13T19:42:52.890Z"}}, {"model": "checkout.order", "pk": 2, "fields": {"user": ["Athlas"], "total": "1.00", "status": "pending", "external_id": "a0865f9d-33fa-453c-acb0-76d69396923e", "payment_external_id": null, "payment_url": null, "created_at": "2026-01-13T19:47:29.144Z"}}, {"model": "checkout.order", "pk": 3, "fields": {"user": ["Athlas"], "total": "1.00", "status": "pending", "external_id": "39ef57b4-b49c-4a4b-91f4-cf4dc52d9246", "payment_external_id": null, "payment_url": null, "created_at": "2026-01-13T19:48:54.074Z"}}, {"model": "checkout.order", "pk": 4, "fields": {"user": ["Athlas"], "total": "1.00", "status": "pending", "external_id": "6e791665-4755-4d4c-b621-00be7caf7b32", "payment_external_id": null, "payment_url": null, "created_at": "2026-01-13T19:52:14.953Z"}}, {"model": "checkout.order", "pk": 5, "fields": {"user": ["Athlas"], "total": "1.00", "status": "pending", "external_id": "f94d525f-1158-4478-9300-1b51569a5470", "payment_external_id": null, "payment_url": null, "created_at": "2026-01-13T19:54:54.215Z"}}, {"model": "checkout.order", "pk": 6, "fields": {"user": ["Athlas"], "total": "1.00", "status": "pending", "external_id": "8e4fe629-6715-4b90-8e82-beccf7e4c0d7", "payment_external_id": "3131811999-c66f0019-5d07-456f-ba17-20ea154d7584", "payment_url": "https://www.mercadopago.com.br/checkout/v1/redirect?pref_id=3131811999-c66f0019-5d07-456f-ba17-20ea154d7584", "created_at": "2026-01-13T19:56:31.021Z"}}, {"model": "checkout.orderitem", "pk": 46, "fields": {"order": 1, "product": 24, "price": "1.00"}}, {"model": "checkout.orderitem", "pk": 47, "fields": {"order": 2, "product": 24, "price": "1.00"}}, {"model": "checkout.orderitem", "pk": 48, "fields": {"order": 3, "product": 24, "price": "1.00"}}, {"model": "checkout.orderitem", "pk": 49, "fields": {"order": 4, "product": 24, "price": "1.00"}}, {"model": "checkout.orderitem", "pk": 50, "fields": {"order": 5, "product": 24, "price": "1.00"}}, {"model": "checkout.orderitem", "pk": 51, "fields": {"order": 6, "product": 24, "price": "1.00"}}, {"model": "products.category", "pk": 2, "fields": {"name": "Alfabeto", "slug": "alfabeto"}}, {"model": "products.category", "pk": 3, "fields": {"name": "Barrinhas", "slug": "barrinhas"}}, {"model": "products.category", "pk": 4, "fields": {"name": "Meninos", "slug": "meninos"}}, {"model": "products.category", "pk": 5, "fields": {"name": "Avulsas", "slug": "avulsas"}}, {"model": "products.category", "pk": 6, "fields": {"name": "Moldura", "slug": "moldura"}}, {"model": "products.category", "pk": 7, "fields": {"name": "Urso", "slug": "urso"}}, {"model": "products.category", "pk": 8, "fields": {"name": "Animais", "slug": "animais"}}, {"model": "products.category", "pk": 9, "fields": {"name": "Meninas", "slug": "meninas"}}, {"model": "products.category", "pk": 10, "fields": {"name": "Batismo", "slug": "batismo"}}, {"model": "products.category", "pk": 11, "fields": {"name": "Profissões", "slug": "profissoes"}}, {"model": "products.category", "pk": 12, "fields": {"name": "Bandeiras", "slug": "bandeiras"}}, {"model": "products.product", "pk": 6, "fields": {"name": "Alfabeto Violão Nº1", "description": "Tamanho: 10 cm\r\nProduto original B-Bordados\r\nCores e quantidade de pontos podem variar conforme o programa\r\nMudança de cores não influenciam na qualidade do produto\r\nFormatos: PES, JEF, XXX, DST e EXP\r\nNão alteramos o tamanho das matrizes\r\nArquivos enviados em pasta .zip (necessário programa para extrair)", "price": "10.00", "image": "products/1_Q2Pb8En.png", "file": "product_archives/1_Alfa_violão_BB.zip", "category": 2}}, {"model": "products.product", "pk": 7, "fields": {"name": "Animais da Superação Nº1", "description": "Tamanho: 10 cm   \r\n        Produto original B-Bordados \r\n        Cores e quantidade de pontos podem variar conforme o programa\r\n        Mudança de cores não influenciam na qualidade do produto\r\n        Formatos: PES, JEF, XXX, DST e EXP \r\n        Não alteramos o tamanho das matrizes\r\n        Arquivos enviados em pasta .zip (necessário programa para extrair)", "price": "10.00", "image": "products/18.png", "file": "product_archives/1_Animais_da_superação_BB.zip", "category": 5}}, {"model": "products.product", "pk": 8, "fields": {"name": "Alfabeto Stitch Nº2", "description": "Tamanho: 10 cm   \r\n        Produto original B-Bordados \r\n        Cores e quantidade de pontos podem variar conforme o programa\r\n        Mudança de cores não influenciam na qualidade do produto\r\n        Formatos: PES, JEF, XXX, DST e EXP \r\n        Não alteramos o tamanho das matrizes\r\n        Arquivos enviados em pasta .zip (necessário programa para extrair)", "price": "10.00", "image": "products/3_jvdWfQx.png", "file": "product_archives/2_Alfa_Stitch_BB.zip", "category": 2}}, {"model": "products.product", "pk": 9, "fields": {"name": "Barra Coelho Nº1", "description": "Tamanho: 18 cm   \r\n        Produto original B-Bordados \r\n        Cores e quantidade de pontos podem variar conforme o programa\r\n        Mudança de cores não influenciam na qualidade do produto\r\n        Formatos: PES, JEF, XXX, DST e EXP \r\n        Não alteramos o tamanho das matrizes\r\n        Arquivos enviados em pasta .zip (necessário programa para extrair)", "price": "5.00", "image": "products/13.png", "file": "product_archives/1_Barra_coelho_BB.zip", "category": 3}}, {"model": "products.product", "pk": 10, "fields": {"name": "Fazendinha Nº1", "description": "Tamanho: 8 cm   \r\n        Produto original B-Bordados \r\n        Cores e quantidade de pontos podem variar conforme o programa\r\n        Mudança de cores não influenciam na qualidade do produto\r\n        Formatos: PES, JEF, XXX, DST e EXP \r\n        Não alteramos o tamanho das matrizes\r\n        Arquivos enviados em pasta .zip (necessário programa para extrair)", "price": "8.00", "image": "products/16.png", "file": "product_archives/1_fazendinha_BB.zip", "category": 4}}, {"model": "products.product", "pk": 11, "fields": {"name": "Alfabeto Coelha (Doce Ninar) Nº3", "description": "Tamanho: 10 cm   \r\n        Produto original B-Bordados \r\n        Cores e quantidade de pontos podem variar conforme o programa\r\n        Mudança de cores não influenciam na qualidade do produto\r\n        Formatos: PES, JEF, XXX, DST e EXP \r\n        Não alteramos o tamanho das matrizes\r\n        Arquivos enviados em pasta .zip (necessário programa para extrair)", "price": "9.00", "image": "products/5_NVEnOq9.png", "file": "product_archives/3_Alfa_Coelha_DNBB.zip", "category": 2}}, {"model": "products.product", "pk": 12, "fields": {"name": "Alfabeto Coelho (Doce Ninar) Nº4", "description": "Tamanho: 10 cm   \r\n        Produto original B-Bordados \r\n        Cores e quantidade de pontos podem variar conforme o programa\r\n        Mudança de cores não influenciam na qualidade do produto\r\n        Formatos: PES, JEF, XXX, DST e EXP \r\n        Não alteramos o tamanho das matrizes\r\n        Arquivos enviados em pasta .zip (necessário programa para extrair)", "price": "9.00", "image": "products/7.png", "file": "product_archives/4_Alfa_Coelho_DNBB.zip", "category": 2}}, {"model": "products.product", "pk": 13, "fields": {"name": "Alfabeto Ursa (Doce Ninar) Nº5", "description": "Tamanho: 10 cm   \r\n        Produto original B-Bordados \r\n        Cores e quantidade de pontos podem variar conforme o programa\r\n        Mudança de cores não influenciam na qualidade do produto\r\n        Formatos: PES, JEF, XXX, DST e EXP \r\n        Não alteramos o tamanho das matrizes\r\n        Arquivos enviados em pasta .zip (necessário programa para extrair)", "price": "8.00", "image": "products/9.png", "file": "product_archives/5Alfa_Ursa_DNBB.zip", "category": 2}}, {"model": "products.product", "pk": 14, "fields": {"name": "Alfabeto Urso (Doce Ninar) Nº6", "description": "Tamanho: 10 cm   \r\n        Produto original B-Bordados \r\n        Cores e quantidade de pontos podem variar conforme o programa\r\n        Mudança de cores não influenciam na qualidade do produto\r\n        Formatos: PES, JEF, XXX, DST e EXP \r\n        Não alteramos o tamanho das matrizes\r\n        Arquivos enviados em pasta .zip (necessário programa para extrair)", "price": "8.00", "image": "products/11.png", "file": "product_archives/6_Alfa_Urso_DNBB.zip", "category": 2}}, {"model": "products.product", "pk": 15, "fields": {"name": "Barra Margarida Nº2", "description": "Tamanho: 18 cm   \r\n        Produto original B-Bordados \r\n        Cores e quantidade de pontos podem variar conforme o programa\r\n        Mudança de cores não influenciam na qualidade do produto\r\n        Formatos: PES, JEF, XXX, DST e EXP \r\n        Não alteramos o tamanho das matrizes\r\n        Arquivos enviados em pasta .zip (necessário programa para extrair)", "price": "6.00", "image": "products/14.png", "file": "product_archives/2_Barra_Margarida_BB.zip", "category": 3}}, {"model": "products.product", "pk": 16, "fields": {"name": "Barra Balão (Doce Ninar) Nº3", "description": "Tamanho: 18 cm   \r\n        Produto original B-Bordados \r\n        Cores e quantidade de pontos podem variar conforme o programa\r\n        Mudança de cores não influenciam na qualidade do produto\r\n        Formatos: PES, JEF, XXX, DST e EXP \r\n        Não alteramos o tamanho das matrizes\r\n        Arquivos enviados em pasta .zip (necessário programa para extrair)", "price": "5.00", "image": "products/15.png", "file": "product_archives/3_Barra_Balão_DNBB.zip", "category": 3}}, {"model": "products.product", "pk": 17, "fields": {"name": "Safari em Moldura Nº1", "description": "Tamanho: 10, 12, 13x18, 20cm\r\n        Produto original B-Bordados \r\n        Cores e quantidade de pontos podem variar conforme o programa\r\n        Mudança de cores não influenciam na qualidade do produto\r\n        Formatos: PES, JEF, XXX, DST e EXP \r\n        Não alteramos o tamanho das matrizes\r\n        Arquivos enviados em pasta .zip (necessário programa para extrair)", "price": "10.00", "image": "products/20.png", "file": "product_archives/1_Safari_em_Moldura_BB.zip", "category": 6}}, {"model": "products.product", "pk": 18, "fields": {"name": "Moldura Margarida Nº 2", "description": "Tamanho: 10, 13x18cm\r\n        Produto original B-Bordados \r\n        Cores e quantidade de pontos podem variar conforme o programa\r\n        Mudança de cores não influenciam na qualidade do produto\r\n        Formatos: PES, JEF, XXX, DST e EXP \r\n        Não alteramos o tamanho das matrizes\r\n        Arquivos enviados em pasta .zip (necessário programa para extrair)", "price": "9.00", "image": "products/22.png", "file": "product_archives/2_Molduras_Margaridas_BB.zip", "category": 6}}, {"model": "products.product", "pk": 19, "fields": {"name": "Urso em Moldura (Doce Ninar) Nº 3", "description": "Tamanho: 10, 13x18cm\r\n        Produto original B-Bordados \r\n        Cores e quantidade de pontos podem variar conforme o programa\r\n        Mudança de cores não influenciam na qualidade do produto\r\n        Formatos: PES, JEF, XXX, DST e EXP \r\n        Não alteramos o tamanho das matrizes\r\n        Arquivos enviados em pasta .zip (necessário programa para extrair)", "price": "7.00", "image": "products/24.png", "file": "product_archives/3_Moldura_Ursos_DNBB.zip", "category": 6}}, {"model": "products.product", "pk": 20, "fields": {"name": "Urso (Doce Ninar) Nº1", "description": "Tamanho: 10, 13cm\r\n        Produto original B-Bordados \r\n        Cores e quantidade de pontos podem variar conforme o programa\r\n        Mudança de cores não influenciam na qualidade do produto\r\n        Formatos: PES, JEF, XXX, DST e EXP \r\n        Não alteramos o tamanho das matrizes\r\n        Arquivos enviados em pasta .zip (necessário programa para extrair)", "price": "8.00", "image": "products/26.png", "file": "product_archives/1_Urso_meninos_DNBB.zip", "category": 7}}, {"model": "products.product", "pk": 21, "fields": {"name": "Ursa (Doce Ninar) Nº2", "description": "Tamanho: 10, 13cm\r\n        Produto original B-Bordados \r\n        Cores e quantidade de pontos podem variar conforme o programa\r\n        Mudança de cores não influenciam na qualidade do produto\r\n        Formatos: PES, JEF, XXX, DST e EXP \r\n        Não alteramos o tamanho das matrizes\r\n        Arquivos enviados em pasta .zip (necessário programa para extrair)", "price": "8.00", "image": "products/28.png", "file": "product_archives/2_Ursa_meninas_DNBB.zip", "category": 7}}, {"model": "products.product", "pk": 22, "fields": {"name": "Coelho (Doce Ninar) Nº1", "description": "Tamanho: 10, 13cm\r\n        Produto original B-Bordados \r\n        Cores e quantidade de pontos podem variar conforme o programa\r\n        Mudança de cores não influenciam na qualidade do produto\r\n        Formatos: PES, JEF, XXX, DST e EXP \r\n        Não alteramos o tamanho das matrizes\r\n        Arquivos enviados em pasta .zip (necessário programa para extrair)", "price": "8.00", "image": "products/30.png", "file": "product_archives/1_Coelho_meninos_DNBB.zip", "category": 8}}, {"model": "products.product", "pk": 23, "fields": {"name": "Coelha (Doce Ninar) Nº2", "description": "Tamanho: 10, 13cm\r\n        Produto original B-Bordados \r\n        Cores e quantidade de pontos podem variar conforme o programa\r\n        Mudança de cores não influenciam na qualidade do produto\r\n        Formatos: PES, JEF, XXX, DST e EXP \r\n        Não alteramos o tamanho das matrizes\r\n        Arquivos enviados em pasta .zip (necessário programa para extrair)", "price": "8.00", "image": "products/32.png", "file": "product_archives/2_Coelha_Meninas_DNBB.zip", "category": 8}}, {"model": "products.product", "pk": 24, "fields": {"name": "checkout_teste", "description": "lorem ipusm", "price": "1.00", "image": "products/2.png", "file": "", "category": null}}, {"model": "home.banners", "pk": 4, "fields": {"title": "Banner Doce Ninar", "image": "banners/2.png"}}, {"model": "home.banners", "pk": 5, "fields": {"title": "Banner Natal", "image": "banners/4.png"}}, {"model": "home.banners", "pk": 6, "fields": {"title": "Test", "image": "banners/3.png"}}, {"model": "home.cart", "pk": 10, "fields": {"user": ["Elder Luiz"], "created_at": "2025-12-23T14:20:34.254Z", "updated_at": "2025-12-23T14:20:34.254Z"}}, {"model": "home.cart", "pk": 11, "fields": {"user": ["geovane"], "created_at": "2025-12-29T22:27:18.192Z", "updated_at": "2025-12-29T22:27:18.192Z"}}, {"model": "home.cart", "pk": 12, "fields": {"user": ["Athlas"], "created_at": "2026-01-01T17:49:52.918Z", "updated_at": "2026-01-01T17:49:52.918Z"}}, {"model": "home.cart", "pk": 13, "fields": {"user": ["teste17"], "created_at": "2026-01-08T01:23:44.806Z", "updated_at": "2026-01-08T01:23:44.806Z"}}, {"model": "home.cart", "pk": 14, "fields": {"user": ["teste18"], "created_at": "2026-01-10T13:01:00.142Z", "updated_at": "2026-01-10T13:01:00.142Z"}}, {"model": "home.cartitem", "pk": 95, "fields": {"cart": 11, "product": 6, "created_at": "2026-01-05T13:01:43.759Z"}}, {"model": "home.cartitem", "pk": 99, "fields": {"cart": 13, "product": 7, "created_at": "2026-01-08T01:24:01.184Z"}}, {"model": "home.cartitem", "pk": 102, "fields": {"cart": 10, "product": 10, "created_at": "2026-01-08T02:15:44.886Z"}}, {"model": "home.cartitem", "pk": 105, "fields": {"cart": 12, "product": 24, "created_at": "2026-01-13T20:01:27.794Z"}}, {"model": "socialaccount.socialaccount", "pk": 8, "fields": {"user": ["Elder Luiz"], "provider": "google", "uid": "117800876575974278219", "last_login": "2026-01-08T22:31:55.210Z", "date_joined": "2025-12-23T14:20:34.275Z", "extra_data": {"iss": "https://accounts.google.com", "azp": "83492653456-lu76copoqe33cm9v1kp7gt5dns53sc6i.apps.googleusercontent.com", "aud": "83492653456-lu76copoqe33cm9v1kp7gt5dns53sc6i.apps.googleusercontent.com", "sub": "117800876575974278219", "at_hash": "yNhU5uEUvHuoSlWi6HBF5g", "name": "Elder Luiz", "picture": "https://lh3.googleusercontent.com/a/ACg8ocLJz7xRi2TGcpnCWh0e2TiyIfAtcshp5phLiz_yTIqdWQQtlKW8xw=s96-c", "given_name": "Elder", "family_name": "Luiz", "iat": 1767911514, "exp": 1767915114}}}, {"model": "socialaccount.socialaccount", "pk": 9, "fields": {"user": ["geovane"], "provider": "google", "uid": "108871033685744655121", "last_login": "2026-01-10T13:39:25.654Z", "date_joined": "2025-12-29T22:27:18.195Z", "extra_data": {"iss": "https://accounts.google.com", "azp": "83492653456-lu76copoqe33cm9v1kp7gt5dns53sc6i.apps.googleusercontent.com", "aud": "83492653456-lu76copoqe33cm9v1kp7gt5dns53sc6i.apps.googleusercontent.com", "sub": "108871033685744655121", "at_hash": "pSXjWguLTpyP3uwuza8pNA", "name": "Geovane", "picture": "https://lh3.googleusercontent.com/a/ACg8ocJNqNG9KO4KBXDn5LI61KyJiRilHnkOumWoZFr22bIq_yKjjiZa=s96-c", "given_name": "Geovane", "iat": 1768052367, "exp": 1768055967}}}, {"model": "sessions.session", "pk": "1m2w4zxp4vigv2716o0oftbpmm715dzi", "fields": {"session_data": ".eJxVjEEOwiAQAP-yZ0OgW6D06N03kF3Y2qqBpLQn499Nkx70OjOZN0TatznuTda4ZBjBwOWXMaWnlEPkB5V7VamWbV1YHYk6bVO3muV1Pdu_wUxthhF6zYEFETvvqEPUnUt9mogMeqsHlN4PBsU6DjbpgTTrEByJN8gm5wk-X7vnNy0:1vdfOY:wVbV1BUQwttEkOGyUjRYoEbN7pLSho4qUzs9G8Uj7DI", "expire_date": "2026-01-22T02:05:02.045Z"}}, {"model": "sessions.session", "pk": "5zviv2s4blscn7zmkuxuoiyvi1govauw", "fields": {"session_data": ".eJw1zcEKwiAcB-B3-Z1HImuzfIJ2Gwy6RIi4_8ImKupiIHv3LnX-Dl9FDsZqp40Jmy8qF10oQ1bw9b3fYprcch-GcbpAPipiCoZyhoQLL-vRYNZFQ_rNuQZxNaRMmEl9KNnFUvqLp71Agv2azGIKi3XEcDRc9OLK-bntTq3oRP88ji-74jMb:1vdyWZ:kklwDBVMJz2TO-JcxLx9O2yw5EAYN78xJSJPI3U9xTU", "expire_date": "2026-01-22T22:30:35.377Z"}}, {"model": "sessions.session", "pk": "6guumsmqpauqhkyfev8935czgj76m928", "fields": {"session_data": ".eJxVj01uhTAMhO_iNUKJyR_s-q5RVcg4yQOVkoqEbp64ewWlC3bWzPjTzAty4olmYk7bUvpcqIQM3Wuv4F-jrYxhKRNTmdLSf4UyJp-he3_B3w3dnQIVUIFOWmOc0cqpukGpUGEF32v6mXxYoYNnSs85QAXbdBCktE4IZ422urUKrUPZwv5RwVmg33JY-zOJCm7iQPwZlsOheT7k-upRn5nLzvXbbcfj-rqhRsrjwRGxaSIKwa41xmhuYgyN0KwIhUTvvVSD0YjSDijRM9lIkQUZYktWwf4LOuZwtQ:1vZaQO:iRHPVUTDtoitBZieTtpXhEqmgp76fqj7rEUo2tzEDzQ", "expire_date": "2026-01-10T19:58:04.473Z"}}, {"model": "sessions.session", "pk": "ajb9veu5ftk3hsu607vamuskihias5z2", "fields": {"session_data": ".eJxVj0tuhDAQRO_Sa4T8b8Muc40oQo0_AwrBETbZIO4-giELdq2q6qeqDXJyI03kXFrn0uVCJWRot72Cf43WMoS5jI7KmObuJ5Qh-Qzt5wbvG9o7BSqgAi1Hg1ZarVSN1nBjZQW_S_obfVighWdKzylABet4EDhHy5hFo1E3qARawRvYvyo4C3RrDkt3JoWCm9iT-w7z4dA0HXJ99ajPzGXn-uO243F93VAD5eHgsChlFIw52xhjtJMxBsm0UyQYF957rnqjheDYCy68I4wUHSNDDgkV7C9MlXDI:1vdfYu:PHPd74r7KSmobUYZhJEeowQawmHcjTbZAQBQ5Ml6W4A", "expire_date": "2026-01-22T02:15:44.859Z"}}, {"model": "sessions.session", "pk": "ajkc4xiffcztc1j6xbk6h7tqmdi1ijp2", "fields": {"session_data": "e30:1vUzjS:TpUbNhArkCeUjzz0V-5wKHHQKDUV0yu7HSf17Lv-jEk", "expire_date": "2025-12-29T03:58:46.200Z"}}, {"model": "sessions.session", "pk": "cv1jtl93d57xkjkzs759qojwg6i246i2", "fields": {"session_data": ".eJxVjEEOwiAQAP-yZ0OgW6D06N03kF3Y2qqBpLQn499Nkx70OjOZN0TatznuTda4ZBjBwOWXMaWnlEPkB5V7VamWbV1YHYk6bVO3muV1Pdu_wUxthhF6zYEFETvvqEPUnUt9mogMeqsHlN4PBsU6DjbpgTTrEByJN8gm5wk-X7vnNy0:1vdyoa:_jSy5d8VPXI8DEyU0GVOWjcmtPsJquOEvxch9fHMq6U", "expire_date": "2026-01-22T22:49:12.645Z"}}, {"model": "sessions.session", "pk": "e4bd55735esksaoo6m1sbbbvqbwynvuv", "fields": {"session_data": ".eJw1zb0KwjAUBtB3-eZiW0JbzS7i5ugPUkJ6W6Iht-QmopS-u4vOZzgLhK0z3ljLOaRekkkk0Asu17zL--n4kceJD-cEfVswR7YkAg3PkwsoMJhkoEP2vsD8tNRbHqh_UXSjo_iXQO8EjfLXSDlHHp2nEmtRd223VUrV7aZpVKUqdV_XL0wDM9Y:1vdeCa:mREDVu0INmGfmtEI3fdLKnvs9ryINqNo8H3iFEtb2zQ", "expire_date": "2026-01-22T00:48:36.554Z"}}, {"model": "sessions.session", "pk": "jsxz2qwqli83293k7cipsysigt5qrf1b", "fields": {"session_data": ".eJxVj0tuhDAMhu_iNUJJSOLArr1GVSHjJENUSioSuhnN3SsoG3bW__hsP4GY877WkfY6h7UmppryOn6HOmdfYPh4wv8MA5TMiZarAQ1QhUGitUYIKbFFdM6ZBn62_Jt82GCAR86PJUADezoAUqITwqE1aHrUCp2SPbw-Gzj3j3sJ23gmlYabOBF_hfVwaFkOub3OaM_MZZf27fbG-9W6oWYq88ERseuiEoJdb6013MUYOmFYkxJSee-lnqxRSuKkpPJMGCmyIEuMhBpefwH7Zow:1vY3NN:O-MgfWx1pMczFcqMYMVVb0b8oXzuRfl5QvhHEzptFXQ", "expire_date": "2026-01-06T14:28:37.828Z"}}, {"model": "sessions.session", "pk": "ju0shpetpmgsg3lrgh9zz949hsz6nhn9", "fields": {"session_data": ".eJxVj81ugzAQhN9lzwjZgI3Nran6Aj1UjaoIbfwTrDg4wiaXiHcvJHDgttqZnfn2CTEohx6VCmOf2pgwmQjNE-QvHv0nPf58d1-MkB6avyfch6BMnHXw4eJ6yEBjQmj60fsM7ldlWhW0aR9mcNaZ4a1MGa05k4IwXudCEkYpO00ZbKWrW7fmhs5vaZuKY-pMn5zC5ELf3kzqgo4vnPc80-yemKkwQbN1CpqzWtKiyBb8h9MLFlxCuHgzW0e3BFAiRE1JWXLB6qrijNGCwnTK4NXfjtEM7dspYbc8o7qaflHQ-2Wdrxj5y7PKMf_YvXFYr3ZRHcZuzuGWCmKtElaXhdCmUrKoJQrLmOJndkZbWqYpkbymgmOpCmZLbaURgvBKC5j-ASl0mn8:1vVsDl:RvesCz4Wsxz1RWkzhM38NRbBZcWajzg_btEzMAXSrA4", "expire_date": "2025-12-31T14:09:41.602Z"}}, {"model": "sessions.session", "pk": "nw08pjll0wq7m04ta1hm8rwt6fh8rag8", "fields": {"session_data": ".eJxVj0tuhTAMRffiMUL5ECcwa7dRVcjk80ClpCKhE8TeG96jAyaWdX3vsb1DinaimayN25L7lCn7BN1-VPCv0ZZHv-TJUp7i0n_7PEZXPB87vHro7hQo2Qwd14hCMpSiLgV5U8HPGn8n59eSeMT4mH2xbtMJ4MwYzZmUaJRuGlSKCw7HZwXP_f2W_Nq_nC3cxIHsl1_OCc3zKdfXGfXTc41T_XZ74_1K3VAjpbFwMHDDQrAmOCmM841thW7JBKUsDmqgIINynLWouUGSVqggXWi9MQwbZ-D4A-xucIg:1vWvGq:PGwrVg880qzFRfrVyJqCenkQOBu8XF1uVbfor8-zi84", "expire_date": "2026-01-03T11:37:12.086Z"}}, {"model": "sessions.session", "pk": "rfjnhi5i7mss2vzntza8nsas4skd5cas", "fields": {"session_data": ".eJxVjEsOwiAUAO_y1oYUyuPTpXvPQHh8pGogKe3KeHdD0oVuZybzBuePvbijp82tERbgCJdfSD48Ux0mPny9NxZa3beV2EjYaTu7tZhe17P9GxTfCyxAKs1iVmIi6a20USJKVDqEnBOJSGJAbhXpoIQxESWlWWY9cfQGNcLnC_v_N40:1vVEi7:Y2ZQKaz3u69ygntCVUimNPfzneai8CPXGqbz4wSp9f0", "expire_date": "2025-12-29T19:58:23.759Z"}}, {"model": "sessions.session", "pk": "utuqswlibemifmpm1qwn5molo1vbi6wz", "fields": {"session_data": ".eJxVjEEOwiAQAP-yZ0OgW6D06N03kF3Y2qqBpLQn499Nkx70OjOZN0TatznuTda4ZBjBwOWXMaWnlEPkB5V7VamWbV1YHYk6bVO3muV1Pdu_wUxthhF6zYEFETvvqEPUnUt9mogMeqsHlN4PBsU6DjbpgTTrEByJN8gm5wk-X7vnNy0:1vdyoa:_jSy5d8VPXI8DEyU0GVOWjcmtPsJquOEvxch9fHMq6U", "expire_date": "2026-01-22T22:49:12.633Z"}}, {"model": "sessions.session", "pk": "w7za724pvgtv1wub9mdhz0ezwwk1n1hk", "fields": {"session_data": ".eJxVj0FuhTAMRO_iNUJxIE74u_5rVBUKifmgUlKR0A3i7g2ULthZM29G4w1icKOdrHNhnVMbk00c4bHtBfxrdk0Dz2l0No1hbr84DcFn5n2Dvxse9xbI2QQP1GSEkhWpkqgWuq4L-F7Cz-h5yZFXCK-JM7uORwMKYzSKqiKjMkpKoUTYPwo4B7Rr5KU9SangJnbWffJ8OHaaDrm8dpQnc9mxfLv98bxSt6rBxiH3iFoQca-lkd5jZ4Rh1RvUvVeu7ixWvTadbEhT0_gGG2cFslNIaCU7qWH_BScvcBw:1veZBd:_SlihtpLdUBAfXDx_PpD-7bKloMkDfTj1PtRAjyo4Po", "expire_date": "2026-01-24T13:39:25.696Z"}}, {"model": "sessions.session", "pk": "wd5lf5zkd379yva4jim5i2kybart806k", "fields": {"session_data": ".eJxVjEEOwiAQAP-yZ0OgW6D06N03kF3Y2qqBpLQn499Nkx70OjOZN0TatznuTda4ZBjBwOWXMaWnlEPkB5V7VamWbV1YHYk6bVO3muV1Pdu_wUxthhF6zYEFETvvqEPUnUt9mogMeqsHlN4PBsU6DjbpgTTrEByJN8gm5wk-X7vnNy0:1veYQQ:JEGFgwExw0lrMzgzerPWznjEg0pRs8x1Yv_wX2rKNHM", "expire_date": "2026-01-24T12:50:38.978Z"}}, {"model": "sessions.session", "pk": "wmz170bsohwwwectvt135q7gqizze570", "fields": {"session_data": ".eJxVjDEOgzAMAP_iuYpoiG3C2J03ICc2hbYCicBU9e8VEkO73p3uDb3s29jvxdZ-UmjBE1x-YZL8tPkw-pD5vri8zNs6JXck7rTFdYva63a2f4NRyggtRK0wDooaUAL6plai4JFZcqg4mCeL5kmVcWBOMdM1ZjKqhSQqN_D5AvOlN6c:1vfkHs:uzfKAD8e6VfBZ4of-F_xrxvZGxZwljFhdUBjmdPnEiY", "expire_date": "2026-01-27T19:42:44.107Z"}}, {"model": "sessions.session", "pk": "zj1gpn4qnec8tg5qofhnvluit56vxdqi", "fields": {"session_data": ".eJxVj01uhTAMhO_iNUJxXn7Z9V2jqlBIzAOVkoqEbhB3b6B0wc4afzP2bJCiH93kvI_rnNuUXaYEzbZX8K-5NQ8059G7PMa5_aI8xFCY9w3-ZmjuKVC8GRrUSivU1qjaCIGqgu8l_oyBlmJ4xfiaqJDrePiRGaORPR7KSC2EkhI5wv5RwXm-XRMt7UlyCTexc_6T5mPjpumQ6-uL-mSudarfbi2el-sWNbg0lBwmmFLUa254CNgZZkj2BnUfpBedw0evTcdtKWdtsGi9Y0heokLHyXMN-y-KT2_D:1vckBW:ldRUQfJZibRmdkDxEyIKmSEiS1rmnmFtAKx0A4wEbXE", "expire_date": "2026-01-19T12:59:46.865Z"}}, {"model": "sites.site", "fields": {"domain": "example.com", "name": "example.com"}}, {"model": "socialaccount.socialapp", "pk": 1, "fields": {"provider": "google", "provider_id": "", "name": "Google Login", "client_id": "83492653456-lu76copoqe33cm9v1kp7gt5dns53sc6i.apps.googleusercontent.com", "secret": "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", "key": "", "settings": {}, "sites": [["example.com"]]}}, {"model": "socialaccount.socialapp", "pk": 2, "fields": {"provider": "facebook", "provider_id": "", "name": "Facebook", "client_id": "1906473820278816", "secret": "ef46d1bea91263d2f989db5432e4a3e8", "key": "", "settings": {}, "sites": [["example.com"]]}}]
